Datetime,Water Level (m)
2025-09-03 18:00:00,1.2462612
2025-09-03 19:00:00,1.2490145
2025-09-03 20:00:00,1.051521
2025-09-03 21:00:00,0.7418905
2025-09-03 22:00:00,0.39282194
2025-09-03 23:00:00,0.056957822
2025-09-04 00:00:00,-0.2111842
2025-09-04 01:00:00,-0.32193413
2025-09-04 02:00:00,0.06025221
2025-09-04 03:00:00,0.6018603
2025-09-04 04:00:00,1.1323601
2025-09-04 05:00:00,1.5681337
2025-09-04 06:00:00,1.8221661
2025-09-04 07:00:00,1.8716867
2025-09-04 08:00:00,1.645079
2025-09-04 09:00:00,1.259229
2025-09-04 10:00:00,0.8418959
2025-09-04 11:00:00,0.41163194
2025-09-04 12:00:00,0.02742979
2025-09-04 13:00:00,-0.2851489
2025-09-04 14:00:00,-0.41140515
2025-09-04 15:00:00,0.04151567
2025-09-04 16:00:00,0.6006834
2025-09-04 17:00:00,1.112617
2025-09-04 18:00:00,1.5019417
2025-09-04 19:00:00,1.6954849
2025-09-04 20:00:00,1.5743843
2025-09-04 21:00:00,1.2252285
2025-09-04 22:00:00,0.81092584
2025-09-04 23:00:00,0.37192348
2025-09-05 00:00:00,-0.027668133
2025-09-05 01:00:00,-0.37270033
2025-09-05 02:00:00,-0.5385841
2025-09-05 03:00:00,-0.010315985
2025-09-05 04:00:00,0.6616283
2025-09-05 05:00:00,1.2962282
2025-09-05 06:00:00,1.8127642
2025-09-05 07:00:00,2.098768
2025-09-05 08:00:00,2.0416582
2025-09-05 09:00:00,1.6928195
2025-09-05 10:00:00,1.236934
2025-09-05 11:00:00,0.7608931
2025-09-05 12:00:00,0.2871799
2025-09-05 13:00:00,-0.14241214
2025-09-05 14:00:00,-0.4827139
2025-09-05 15:00:00,-0.5173823
2025-09-05 16:00:00,0.18864934
2025-09-05 17:00:00,0.83839184
2025-09-05 18:00:00,1.4092112
2025-09-05 19:00:00,1.8018775
2025-09-05 20:00:00,1.902269
2025-09-05 21:00:00,1.6072494
2025-09-05 22:00:00,1.1844474
2025-09-05 23:00:00,0.7183333
2025-09-06 00:00:00,0.24783391
2025-09-06 01:00:00,-0.18397936
2025-09-06 02:00:00,-0.53819513
2025-09-06 03:00:00,-0.57647955
2025-09-06 04:00:00,0.20466913
2025-09-06 05:00:00,0.9441364
2025-09-06 06:00:00,1.5951911
2025-09-06 07:00:00,2.0712237
2025-09-06 08:00:00,2.2611225
2025-09-06 09:00:00,2.0349581
2025-09-06 10:00:00,1.595669
2025-09-06 11:00:00,1.0997939
2025-09-06 12:00:00,0.59356827
2025-09-06 13:00:00,0.10568055
2025-09-06 14:00:00,-0.32386
2025-09-06 15:00:00,-0.65357065
2025-09-06 16:00:00,-0.30094197
2025-09-06 17:00:00,0.5039908
2025-09-06 18:00:00,1.21221
2025-09-06 19:00:00,1.7684249
2025-09-06 20:00:00,2.0731552
2025-09-06 21:00:00,2.004045
2025-09-06 22:00:00,1.6006566
2025-09-06 23:00:00,1.1253377
2025-09-07 00:00:00,0.6245726
2025-09-07 01:00:00,0.13751861
2025-09-07 02:00:00,-0.30182025
2025-09-07 03:00:00,-0.65701437
2025-09-07 04:00:00,-0.372047
2025-09-07 05:00:00,0.5143451
2025-09-07 06:00:00,1.3005439
2025-09-07 07:00:00,1.944412
2025-09-07 08:00:00,2.3308396
2025-09-07 09:00:00,2.3348925
2025-09-07 10:00:00,1.9542732
2025-09-07 11:00:00,1.4597397
2025-09-07 12:00:00,0.93341464
2025-09-07 13:00:00,0.41764617
2025-09-07 14:00:00,-0.07472813
2025-09-07 15:00:00,-0.48520017
2025-09-07 16:00:00,-0.6717557
2025-09-07 17:00:00,0.15740138
2025-09-07 18:00:00,0.95421576
2025-09-07 19:00:00,1.6339499
2025-09-07 20:00:00,2.1188238
2025-09-07 21:00:00,2.294065
2025-09-07 22:00:00,1.997224
2025-09-07 23:00:00,1.5362326
2025-09-08 00:00:00,1.0208006
2025-09-08 01:00:00,0.5031648
2025-09-08 02:00:00,0.005544173
2025-09-08 03:00:00,-0.42090267
2025-09-08 04:00:00,-0.70863813
2025-09-08 05:00:00,0.025065146
2025-09-08 06:00:00,0.8875291
2025-09-08 07:00:00,1.6519794
2025-09-08 08:00:00,2.225968
2025-09-08 09:00:00,2.4860144
2025-09-08 10:00:00,2.2689605
2025-09-08 11:00:00,1.802101
2025-09-08 12:00:00,1.2803854
2025-09-08 13:00:00,0.73908985
2025-09-08 14:00:00,0.21943477
2025-09-08 15:00:00,-0.24897319
2025-09-08 16:00:00,-0.6459201
2025-09-08 17:00:00,-0.4020173
2025-09-08 18:00:00,0.5393954
2025-09-08 19:00:00,1.3536255
2025-09-08 20:00:00,2.0054135
2025-09-08 21:00:00,2.3782396
2025-09-08 22:00:00,2.3466709
2025-09-08 23:00:00,1.9200344
2025-09-09 00:00:00,1.4172302
2025-09-09 01:00:00,0.8779061
2025-09-09 02:00:00,0.35800967
2025-09-09 03:00:00,-0.1333588
2025-09-09 04:00:00,-0.5414732
2025-09-09 05:00:00,-0.5948669
2025-09-09 06:00:00,0.3813177
2025-09-09 07:00:00,1.2236466
2025-09-09 08:00:00,1.9280572
2025-09-09 09:00:00,2.391868
2025-09-09 10:00:00,2.48274
2025-09-09 11:00:00,2.1100914
2025-09-09 12:00:00,1.6112465
2025-09-09 13:00:00,1.0728259
2025-09-09 14:00:00,0.5404051
2025-09-09 15:00:00,0.024511945
2025-09-09 16:00:00,-0.41623026
2025-09-09 17:00:00,-0.7174236
2025-09-09 18:00:00,0.035346955
